transaction_id,customer_id,product_id,quantity,price_each,date
TX603765,CUST1040,PROD129,5,233.34,2024-08-25
TX141833,CUST1111,PROD148,1,14.73,2024-09-07
TX314776,CUST1182,PROD140,1,406.27,2025-03-17
TX332977,CUST1040,PROD131,4,431.59,2024-08-12
TX533084,CUST1077,PROD108,9,12.12,2025-01-19
TX658464,CUST1062,PROD140,10,406.27,2025-03-19
TX441263,CUST1139,PROD101,7,139.45,2025-04-16
TX999475,CUST1021,PROD114,6,439.94,2025-04-29
TX942969,CUST1034,PROD129,6,233.34,2025-07-03
TX659302,CUST1009,PROD128,4,229.99,2024-08-17
TX895767,CUST1041,PROD140,2,406.27,2024-11-02
TX706371,CUST1047,PROD125,4,141.83,2025-05-13
TX207940,CUST1018,PROD134,9,90.77,2024-08-16
TX583789,CUST1046,PROD146,3,205.2,2025-01-02
TX575099,CUST1128,PROD137,10,481.37,2025-01-16
TX988605,CUST1085,PROD135,10,131.08,2024-10-29
TX289687,CUST1114,PROD145,6,449.49,2025-02-24
TX969164,CUST1101,PROD115,3,224.77,2024-10-22
TX667440,CUST1147,PROD103,10,276.3,2025-05-18
TX612883,CUST1145,PROD101,8,139.45,2025-06-30
TX335189,CUST1198,PROD112,7,97.2,2025-05-27
TX263685,CUST1144,PROD112,3,97.2,2024-08-20
TX836674,CUST1174,PROD125,9,141.83,2024-09-22
TX148561,CUST1095,PROD111,10,182.79,2025-02-10
TX759815,CUST1019,PROD147,9,324.92,2024-11-19
TX285689,CUST1028,PROD147,3,324.92,2024-10-28
TX458390,CUST1131,PROD111,7,182.79,2025-06-11
TX739798,CUST1178,PROD100,10,123.67,2025-07-20
TX660743,CUST1176,PROD128,8,229.99,2025-05-10
TX884898,CUST1136,PROD121,1,174.19,2025-03-10
TX431100,CUST1138,PROD130,3,355.66,2024-11-30
TX538465,CUST1029,PROD134,8,90.77,2025-03-11
TX758486,CUST1196,PROD109,4,64.35,2025-03-19
TX792180,CUST1096,PROD137,6,481.37,2025-05-26
TX808687,CUST1022,PROD117,4,411.98,2025-04-17
TX421595,CUST1060,PROD145,4,449.49,2025-06-12
TX305401,CUST1015,PROD124,3,68.92,2024-12-01
TX589865,CUST1037,PROD131,1,431.59,2024-10-30
TX553263,CUST1042,PROD108,9,12.12,2024-11-24
TX921770,CUST1032,PROD141,4,373.7,2025-07-05
TX163841,CUST1081,PROD119,6,180.61,2024-09-23
TX477611,CUST1073,PROD112,8,97.2,2025-04-12
TX570332,CUST1107,PROD141,10,373.7,2025-02-17
TX603609,CUST1015,PROD133,10,305.13,2024-10-23
TX248769,CUST1016,PROD108,9,12.12,2025-01-06
TX309045,CUST1188,PROD103,1,276.3,2024-11-23
TX923005,CUST1001,PROD146,1,205.2,2024-11-13
TX104641,CUST1145,PROD115,8,224.77,2024-08-22
TX992106,CUST1030,PROD129,7,233.34,2025-03-03
TX506771,CUST1079,PROD119,7,180.61,2025-03-16
TX805512,CUST1172,PROD121,3,174.19,2025-07-06
TX187980,CUST1073,PROD149,4,43.37,2025-05-11
TX700554,CUST1166,PROD119,8,180.61,2025-07-19
TX244619,CUST1006,PROD146,9,205.2,2024-10-06
TX773793,CUST1128,PROD119,9,180.61,2025-03-30
TX509587,CUST1006,PROD130,2,355.66,2025-04-19
TX624791,CUST1111,PROD116,7,261.23,2025-01-11
TX628385,CUST1179,PROD124,10,68.92,2025-03-02
TX356024,CUST1110,PROD118,5,257.0,2025-02-07
TX419927,CUST1076,PROD120,5,449.35,2024-08-17
TX416379,CUST1130,PROD117,8,411.98,2024-12-10
TX993749,CUST1020,PROD131,4,431.59,2025-07-30
TX528779,CUST1168,PROD134,4,90.77,2025-04-05
TX625912,CUST1191,PROD106,5,339.6,2025-04-16
TX981227,CUST1144,PROD145,6,449.49,2024-12-25
TX301164,CUST1158,PROD119,6,180.61,2025-05-31
TX567562,CUST1152,PROD127,2,393.44,2025-02-18
TX965039,CUST1169,PROD137,8,481.37,2024-11-30
TX403001,CUST1064,PROD142,4,318.2,2025-04-26
TX232697,CUST1165,PROD112,4,97.2,2025-01-07
TX123338,CUST1053,PROD148,10,14.73,2025-01-04
TX629090,CUST1195,PROD126,9,117.79,2024-09-25
TX590970,CUST1035,PROD149,3,43.37,2024-11-23
TX476939,CUST1084,PROD138,8,226.86,2024-12-23
TX243697,CUST1133,PROD132,2,213.9,2024-10-09
TX467958,CUST1106,PROD118,9,257.0,2025-05-18
TX950059,CUST1161,PROD124,1,68.92,2025-02-23
TX562637,CUST1004,PROD120,6,449.35,2025-01-29
TX150919,CUST1039,PROD132,8,213.9,2024-10-31
TX810069,CUST1104,PROD137,3,481.37,2025-06-24
TX923756,CUST1041,PROD103,8,276.3,2024-10-25
TX771759,CUST1034,PROD138,4,226.86,2024-11-23
TX948176,CUST1014,PROD144,10,156.05,2025-06-28
TX153431,CUST1052,PROD116,2,261.23,2025-04-30
TX762202,CUST1041,PROD111,2,182.79,2024-09-24
TX296151,CUST1138,PROD108,4,12.12,2025-06-07
TX623091,CUST1031,PROD137,5,481.37,2025-01-25
TX363472,CUST1063,PROD102,5,476.44,2025-07-20
TX713173,CUST1190,PROD104,1,473.39,2024-08-21
TX717609,CUST1027,PROD113,1,15.37,2025-03-05
TX708581,CUST1022,PROD142,3,318.2,2025-01-06
TX570074,CUST1028,PROD110,8,369.16,2025-01-07
TX647307,CUST1018,PROD126,5,117.79,2025-03-03
TX600284,CUST1000,PROD109,10,64.35,2025-02-20
TX776662,CUST1177,PROD108,8,12.12,2024-09-20
TX729226,CUST1112,PROD100,2,123.67,2024-12-27
TX311378,CUST1021,PROD142,2,318.2,2024-11-01
TX364050,CUST1101,PROD130,2,355.66,2024-11-06
TX966723,CUST1199,PROD139,5,278.0,2024-10-16
TX833686,CUST1081,PROD112,5,97.2,2024-12-05
TX569076,CUST1105,PROD141,2,373.7,2025-04-07
TX759205,CUST1072,PROD146,5,205.2,2024-08-29
TX257834,CUST1000,PROD142,4,318.2,2025-07-23
TX842687,CUST1060,PROD129,1,233.34,2025-01-20
TX468583,CUST1156,PROD124,5,68.92,2025-06-23
TX544578,CUST1087,PROD107,6,288.46,2024-12-21
TX903359,CUST1051,PROD104,5,473.39,2024-09-03
TX177919,CUST1012,PROD137,2,481.37,2025-02-23
TX844308,CUST1025,PROD101,9,139.45,2025-05-07
TX301419,CUST1158,PROD124,10,68.92,2025-06-17
TX904030,CUST1042,PROD103,5,276.3,2024-10-11
TX505694,CUST1022,PROD141,4,373.7,2024-08-19
TX959288,CUST1012,PROD139,2,278.0,2024-11-11
TX468746,CUST1168,PROD114,1,439.94,2024-12-23
TX282384,CUST1145,PROD106,7,339.6,2025-04-17
TX236542,CUST1099,PROD118,4,257.0,2025-03-21
TX463713,CUST1105,PROD135,6,131.08,2025-03-21
TX350516,CUST1114,PROD109,3,64.35,2024-08-14
TX124348,CUST1038,PROD146,10,205.2,2025-07-04
TX504880,CUST1126,PROD127,6,393.44,2024-08-27
TX307922,CUST1036,PROD119,1,180.61,2024-10-11
TX276188,CUST1115,PROD144,3,156.05,2025-06-07
TX751286,CUST1156,PROD109,5,64.35,2025-05-21
TX762003,CUST1105,PROD128,9,229.99,2025-03-15
TX898928,CUST1163,PROD104,5,473.39,2025-05-07
TX139287,CUST1022,PROD136,5,393.17,2025-04-16
TX592064,CUST1016,PROD112,7,97.2,2025-03-04
TX238961,CUST1060,PROD119,4,180.61,2024-10-22
TX927342,CUST1189,PROD138,2,226.86,2025-02-01
TX111279,CUST1077,PROD134,7,90.77,2024-10-19
TX828553,CUST1006,PROD142,10,318.2,2025-07-02
TX511460,CUST1032,PROD135,7,131.08,2025-07-17
TX284136,CUST1153,PROD113,7,15.37,2024-12-06
TX619993,CUST1177,PROD103,6,276.3,2024-11-24
TX514437,CUST1111,PROD105,5,324.6,2025-07-18
TX515790,CUST1030,PROD134,6,90.77,2024-08-04
TX768754,CUST1147,PROD137,9,481.37,2024-10-20
TX346541,CUST1086,PROD114,10,439.94,2025-07-28
TX221699,CUST1167,PROD142,8,318.2,2024-10-11
TX125226,CUST1184,PROD121,2,174.19,2025-05-13
TX616680,CUST1150,PROD135,9,131.08,2024-09-13
TX539457,CUST1057,PROD138,5,226.86,2025-05-16
TX831184,CUST1146,PROD119,7,180.61,2025-05-18
TX263367,CUST1165,PROD108,10,12.12,2025-01-31
TX888401,CUST1091,PROD144,4,156.05,2025-07-20
TX348275,CUST1092,PROD143,1,35.72,2024-11-01
TX757793,CUST1181,PROD132,4,213.9,2025-04-26
TX762188,CUST1162,PROD138,3,226.86,2025-03-21
TX425647,CUST1138,PROD142,8,318.2,2025-04-29
TX256856,CUST1146,PROD114,2,439.94,2024-10-17
TX324451,CUST1167,PROD125,8,141.83,2024-12-31
TX223478,CUST1148,PROD132,7,213.9,2025-07-20
TX643811,CUST1030,PROD111,3,182.79,2024-10-30
TX777196,CUST1161,PROD106,8,339.6,2025-03-01
TX524299,CUST1107,PROD119,9,180.61,2024-12-01
TX162660,CUST1060,PROD103,6,276.3,2025-05-27
TX270582,CUST1054,PROD127,9,393.44,2024-11-16
TX674025,CUST1041,PROD149,7,43.37,2024-12-24
TX584618,CUST1026,PROD149,1,43.37,2025-01-27
TX665766,CUST1073,PROD104,6,473.39,2025-02-22
TX872253,CUST1138,PROD128,1,229.99,2025-04-07
TX673559,CUST1175,PROD114,5,439.94,2024-12-16
TX728511,CUST1162,PROD123,6,249.57,2024-11-26
TX340691,CUST1050,PROD128,6,229.99,2024-11-08
TX419333,CUST1030,PROD141,10,373.7,2024-12-16
TX726702,CUST1120,PROD140,8,406.27,2025-02-14
TX388685,CUST1133,PROD124,4,68.92,2025-07-07
TX397223,CUST1063,PROD140,8,406.27,2025-02-08
TX252311,CUST1160,PROD107,2,288.46,2025-01-26
TX974112,CUST1187,PROD145,2,449.49,2024-09-06
TX136173,CUST1016,PROD125,1,141.83,2025-06-06
TX967535,CUST1139,PROD118,6,257.0,2025-05-06
TX154482,CUST1117,PROD114,5,439.94,2025-01-28
TX986343,CUST1156,PROD126,9,117.79,2025-05-21
TX861268,CUST1113,PROD112,1,97.2,2025-06-21
TX767061,CUST1157,PROD105,6,324.6,2024-12-01
TX878013,CUST1172,PROD121,8,174.19,2025-07-20
TX999818,CUST1192,PROD115,8,224.77,2024-10-16
TX212858,CUST1063,PROD131,2,431.59,2024-12-20
TX261393,CUST1123,PROD126,5,117.79,2024-11-28
TX368270,CUST1027,PROD100,10,123.67,2025-01-06
TX272268,CUST1180,PROD117,7,411.98,2024-08-16
TX212632,CUST1041,PROD148,4,14.73,2025-03-05
TX615685,CUST1198,PROD118,10,257.0,2025-06-30
TX676213,CUST1141,PROD106,4,339.6,2024-10-23
TX398542,CUST1110,PROD147,8,324.92,2025-05-13
TX276813,CUST1125,PROD142,9,318.2,2024-09-24
TX756283,CUST1123,PROD108,10,12.12,2024-08-05
TX442898,CUST1090,PROD101,10,139.45,2024-11-08
TX175449,CUST1150,PROD148,7,14.73,2025-03-01
TX341100,CUST1175,PROD122,3,481.86,2025-07-28
TX187710,CUST1158,PROD132,8,213.9,2025-03-13
TX201849,CUST1035,PROD145,6,449.49,2025-03-11
TX329290,CUST1138,PROD142,1,318.2,2025-05-05
TX465349,CUST1137,PROD111,1,182.79,2025-01-08
TX156446,CUST1118,PROD145,5,449.49,2024-11-21
TX423522,CUST1185,PROD148,7,14.73,2024-09-27
TX127499,CUST1096,PROD107,4,288.46,2024-10-14
TX206572,CUST1195,PROD123,6,249.57,2024-12-05
TX717033,CUST1031,PROD129,6,233.34,2024-10-27
TX519587,CUST1140,PROD104,8,473.39,2024-12-24
TX225038,CUST1016,PROD120,9,449.35,2025-03-08
TX164920,CUST1118,PROD123,4,249.57,2025-06-18
TX865829,CUST1064,PROD105,2,324.6,2024-11-02
TX268640,CUST1184,PROD126,2,117.79,2025-02-08
TX210568,CUST1039,PROD149,9,43.37,2025-02-28
TX806400,CUST1167,PROD138,5,226.86,2025-04-10
TX307078,CUST1120,PROD149,7,43.37,2025-04-21
TX683602,CUST1075,PROD115,3,224.77,2024-12-08
TX183769,CUST1080,PROD120,7,449.35,2024-11-06
TX402114,CUST1195,PROD101,8,139.45,2025-05-22
TX143486,CUST1182,PROD134,5,90.77,2025-06-14
TX466478,CUST1038,PROD122,2,481.86,2025-02-04
TX436274,CUST1013,PROD147,10,324.92,2025-05-07
TX978311,CUST1105,PROD139,10,278.0,2025-04-05
TX763872,CUST1124,PROD126,2,117.79,2025-05-13
TX444068,CUST1128,PROD118,10,257.0,2025-02-05
TX397431,CUST1079,PROD112,7,97.2,2025-01-24
TX834376,CUST1041,PROD122,10,481.86,2024-10-03
TX366730,CUST1159,PROD107,9,288.46,2025-05-10
TX107962,CUST1045,PROD101,1,139.45,2025-06-03
TX247182,CUST1196,PROD143,2,35.72,2024-12-13
TX699741,CUST1187,PROD108,7,12.12,2024-10-03
TX355566,CUST1144,PROD101,1,139.45,2024-09-22
TX312615,CUST1077,PROD134,10,90.77,2025-05-05
TX836732,CUST1111,PROD102,9,476.44,2025-02-27
TX351736,CUST1022,PROD132,9,213.9,2025-02-04
TX388328,CUST1092,PROD132,5,213.9,2024-10-09
TX438349,CUST1065,PROD120,6,449.35,2025-07-21
TX923377,CUST1108,PROD137,3,481.37,2025-07-10
TX774084,CUST1015,PROD126,10,117.79,2025-02-25
TX344421,CUST1006,PROD129,5,233.34,2025-04-05
TX496122,CUST1177,PROD119,6,180.61,2024-08-21
TX258369,CUST1183,PROD133,3,305.13,2025-02-18
TX912906,CUST1131,PROD108,6,12.12,2024-08-12
TX445507,CUST1045,PROD120,5,449.35,2025-06-20
TX156416,CUST1111,PROD127,4,393.44,2025-06-23
TX123202,CUST1037,PROD127,10,393.44,2024-08-27
TX631744,CUST1159,PROD111,3,182.79,2025-06-12
TX434901,CUST1026,PROD121,10,174.19,2025-04-15
TX295314,CUST1139,PROD139,7,278.0,2024-08-17
TX679161,CUST1100,PROD129,5,233.34,2025-05-22
TX636317,CUST1091,PROD104,2,473.39,2024-08-01
TX884667,CUST1185,PROD113,6,15.37,2025-01-06
TX384956,CUST1144,PROD131,4,431.59,2024-09-21
TX419317,CUST1165,PROD131,2,431.59,2025-06-22
TX677441,CUST1159,PROD112,9,97.2,2025-03-31
TX982906,CUST1037,PROD106,1,339.6,2024-10-27
TX257432,CUST1069,PROD109,3,64.35,2024-08-25
TX513603,CUST1185,PROD115,6,224.77,2025-04-30
TX891356,CUST1162,PROD118,9,257.0,2024-09-26
TX100087,CUST1110,PROD119,5,180.61,2024-08-02
TX777131,CUST1084,PROD122,7,481.86,2024-10-22
TX849097,CUST1176,PROD109,9,64.35,2025-02-11
TX717939,CUST1175,PROD103,5,276.3,2025-01-23
TX553908,CUST1069,PROD109,8,64.35,2024-12-21
TX599995,CUST1176,PROD120,1,449.35,2024-08-22
TX441989,CUST1075,PROD108,8,12.12,2025-03-26
TX659655,CUST1180,PROD140,6,406.27,2025-04-03
TX922716,CUST1021,PROD135,2,131.08,2025-04-14
TX148150,CUST1025,PROD105,2,324.6,2025-07-27
TX701424,CUST1013,PROD142,7,318.2,2025-03-26
TX744296,CUST1110,PROD121,10,174.19,2025-07-19
TX232819,CUST1022,PROD106,10,339.6,2025-02-02
TX153491,CUST1062,PROD126,7,117.79,2025-04-12
TX496361,CUST1063,PROD113,1,15.37,2025-02-04
TX794794,CUST1129,PROD111,1,182.79,2024-08-05
TX214067,CUST1010,PROD133,5,305.13,2024-08-01
TX122171,CUST1064,PROD103,1,276.3,2025-02-21
TX643413,CUST1075,PROD130,9,355.66,2025-03-01
TX631563,CUST1192,PROD116,7,261.23,2025-01-05
TX972017,CUST1019,PROD110,1,369.16,2024-08-03
TX837413,CUST1190,PROD129,2,233.34,2024-08-05
TX594621,CUST1065,PROD116,2,261.23,2025-02-20
TX361619,CUST1180,PROD124,5,68.92,2025-05-06
TX172485,CUST1166,PROD147,9,324.92,2024-11-13
TX577725,CUST1028,PROD127,5,393.44,2025-02-23
TX217806,CUST1122,PROD106,4,339.6,2024-11-18
TX754630,CUST1187,PROD145,7,449.49,2024-08-05
TX106375,CUST1024,PROD125,5,141.83,2025-02-10
TX719096,CUST1043,PROD125,4,141.83,2025-06-10
TX297454,CUST1013,PROD119,8,180.61,2025-04-27
TX216234,CUST1105,PROD125,2,141.83,2025-04-17
TX815767,CUST1034,PROD135,4,131.08,2025-01-13
TX638394,CUST1005,PROD145,10,449.49,2025-06-08
TX134536,CUST1070,PROD128,5,229.99,2025-07-29
TX742649,CUST1033,PROD119,7,180.61,2025-07-18
TX760512,CUST1011,PROD117,3,411.98,2024-10-07
TX577551,CUST1163,PROD116,6,261.23,2024-09-09
TX493889,CUST1023,PROD136,7,393.17,2025-07-21
TX503822,CUST1025,PROD115,2,224.77,2024-09-05
TX689289,CUST1145,PROD147,6,324.92,2025-02-18
TX755620,CUST1191,PROD118,3,257.0,2024-09-25
TX985830,CUST1197,PROD119,8,180.61,2024-10-31
TX141476,CUST1046,PROD123,8,249.57,2024-10-12
TX264200,CUST1112,PROD115,6,224.77,2025-03-27
TX160725,CUST1005,PROD138,9,226.86,2025-02-19
TX670178,CUST1061,PROD134,6,90.77,2024-11-05
TX547656,CUST1089,PROD140,8,406.27,2025-06-11
TX917380,CUST1000,PROD147,9,324.92,2024-12-14
TX166360,CUST1096,PROD143,8,35.72,2024-11-10
TX430745,CUST1107,PROD129,1,233.34,2025-06-03
TX917257,CUST1059,PROD141,3,373.7,2024-12-31
TX847964,CUST1149,PROD117,2,411.98,2024-08-29
TX291744,CUST1127,PROD125,5,141.83,2024-12-21
TX318474,CUST1074,PROD121,10,174.19,2025-01-03
TX800485,CUST1051,PROD121,10,174.19,2025-01-24
TX250348,CUST1054,PROD107,8,288.46,2025-03-06
TX791967,CUST1110,PROD127,4,393.44,2024-11-01
TX883825,CUST1018,PROD130,10,355.66,2025-04-26
TX166118,CUST1095,PROD113,6,15.37,2024-10-25
TX389696,CUST1128,PROD107,1,288.46,2024-11-23
TX665207,CUST1020,PROD144,2,156.05,2025-04-21
TX869324,CUST1174,PROD144,5,156.05,2025-06-16
TX588486,CUST1015,PROD115,1,224.77,2025-06-24
TX277602,CUST1093,PROD139,2,278.0,2024-08-30
TX948905,CUST1072,PROD102,9,476.44,2025-04-09
TX608295,CUST1028,PROD119,9,180.61,2025-06-28
TX919855,CUST1006,PROD104,6,473.39,2025-04-08
TX552478,CUST1081,PROD141,6,373.7,2025-05-20
TX651673,CUST1149,PROD137,1,481.37,2024-08-11
TX827432,CUST1118,PROD136,2,393.17,2024-09-04
TX380529,CUST1102,PROD149,5,43.37,2025-01-03
TX924062,CUST1117,PROD148,9,14.73,2024-12-24
TX131712,CUST1026,PROD117,9,411.98,2024-12-23
TX426282,CUST1021,PROD143,5,35.72,2025-03-01
TX110877,CUST1091,PROD128,1,229.99,2025-01-30
TX152521,CUST1166,PROD129,5,233.34,2024-08-20
TX365802,CUST1071,PROD116,7,261.23,2025-04-03
TX901294,CUST1045,PROD147,4,324.92,2024-08-02
TX306867,CUST1151,PROD144,4,156.05,2025-04-28
TX320548,CUST1094,PROD141,10,373.7,2024-10-04
TX983579,CUST1055,PROD120,3,449.35,2024-08-31
TX956946,CUST1039,PROD144,3,156.05,2025-02-09
TX366254,CUST1071,PROD105,7,324.6,2025-06-23
TX206148,CUST1041,PROD111,2,182.79,2025-01-14
TX673450,CUST1153,PROD147,9,324.92,2025-04-06
TX838041,CUST1008,PROD130,7,355.66,2025-05-30
TX412314,CUST1061,PROD107,10,288.46,2024-12-05
TX118627,CUST1159,PROD125,10,141.83,2025-03-06
TX261823,CUST1032,PROD102,1,476.44,2025-06-28
TX662654,CUST1063,PROD125,2,141.83,2024-09-05
TX996274,CUST1183,PROD118,4,257.0,2025-07-12
TX559161,CUST1194,PROD147,5,324.92,2025-02-20
TX846667,CUST1051,PROD149,9,43.37,2025-07-21
TX219919,CUST1009,PROD116,6,261.23,2024-08-15
TX901092,CUST1086,PROD136,5,393.17,2024-10-27
TX323720,CUST1189,PROD104,7,473.39,2024-10-20
TX306045,CUST1145,PROD136,6,393.17,2025-07-15
TX761721,CUST1103,PROD131,9,431.59,2025-07-02
TX264531,CUST1167,PROD127,4,393.44,2025-04-24
TX985347,CUST1007,PROD119,5,180.61,2025-07-09
TX327498,CUST1006,PROD132,10,213.9,2025-03-07
TX546704,CUST1088,PROD144,5,156.05,2025-01-30
TX891793,CUST1198,PROD122,5,481.86,2024-11-12
TX881169,CUST1126,PROD125,5,141.83,2024-08-17
TX993563,CUST1184,PROD136,1,393.17,2025-07-23
TX120775,CUST1069,PROD146,9,205.2,2024-08-27
TX990523,CUST1020,PROD110,10,369.16,2025-04-21
TX439888,CUST1071,PROD140,9,406.27,2025-07-24
TX170960,CUST1166,PROD147,3,324.92,2024-11-15
TX823945,CUST1197,PROD143,4,35.72,2025-07-14
TX936306,CUST1102,PROD149,1,43.37,2025-02-25
TX473260,CUST1094,PROD140,5,406.27,2025-03-05
TX337225,CUST1003,PROD103,7,276.3,2025-04-11
TX103400,CUST1029,PROD134,8,90.77,2024-08-11
TX480118,CUST1004,PROD117,2,411.98,2024-10-07
TX827350,CUST1195,PROD131,6,431.59,2025-07-25
TX726796,CUST1189,PROD109,2,64.35,2025-06-25
TX940642,CUST1085,PROD122,3,481.86,2024-11-29
TX348501,CUST1068,PROD132,2,213.9,2024-08-05
TX415346,CUST1092,PROD135,10,131.08,2024-10-18
TX321957,CUST1125,PROD109,10,64.35,2025-03-14
TX375591,CUST1113,PROD125,4,141.83,2024-09-23
TX794802,CUST1064,PROD130,9,355.66,2025-05-18
TX182633,CUST1119,PROD112,5,97.2,2025-06-13
TX375288,CUST1090,PROD129,9,233.34,2025-05-02
TX624221,CUST1161,PROD124,10,68.92,2025-06-13
TX343746,CUST1181,PROD106,3,339.6,2024-12-31
TX319739,CUST1187,PROD112,8,97.2,2025-07-25
TX102486,CUST1141,PROD125,10,141.83,2024-08-28
TX434049,CUST1083,PROD145,7,449.49,2024-11-23
TX570206,CUST1025,PROD146,1,205.2,2024-10-01
TX583313,CUST1133,PROD146,6,205.2,2025-03-06
TX301758,CUST1191,PROD102,5,476.44,2024-10-31
TX728177,CUST1166,PROD140,5,406.27,2025-03-07
TX400352,CUST1006,PROD140,9,406.27,2025-06-19
TX981117,CUST1042,PROD112,6,97.2,2025-06-24
TX344545,CUST1088,PROD141,9,373.7,2024-12-28
TX107880,CUST1043,PROD104,6,473.39,2025-04-18
TX527734,CUST1015,PROD130,2,355.66,2025-07-13
TX171915,CUST1071,PROD107,6,288.46,2025-02-24
TX167917,CUST1100,PROD124,8,68.92,2024-12-05
TX348906,CUST1178,PROD139,8,278.0,2024-12-26
TX291022,CUST1122,PROD107,7,288.46,2025-05-19
TX789068,CUST1032,PROD126,6,117.79,2025-05-13
TX746882,CUST1097,PROD105,10,324.6,2024-09-22
TX465883,CUST1158,PROD114,6,439.94,2025-06-01
TX739195,CUST1055,PROD101,7,139.45,2025-04-23
TX116360,CUST1070,PROD124,2,68.92,2025-05-07
TX198000,CUST1109,PROD130,4,355.66,2024-08-29
TX820091,CUST1000,PROD142,9,318.2,2025-02-09
TX600079,CUST1086,PROD138,2,226.86,2025-05-15
TX260488,CUST1064,PROD139,4,278.0,2024-12-11
TX738008,CUST1032,PROD139,4,278.0,2024-08-19
TX915610,CUST1027,PROD119,1,180.61,2024-09-05
TX743770,CUST1189,PROD130,6,355.66,2025-01-15
TX650088,CUST1106,PROD135,5,131.08,2024-10-28
TX331798,CUST1038,PROD132,3,213.9,2025-06-20
TX416698,CUST1061,PROD137,6,481.37,2024-08-28
TX745188,CUST1044,PROD114,9,439.94,2024-12-09
TX315233,CUST1029,PROD108,2,12.12,2025-03-22
TX931508,CUST1103,PROD107,3,288.46,2025-05-24
TX597233,CUST1157,PROD109,10,64.35,2025-03-25
TX832679,CUST1097,PROD117,10,411.98,2025-03-18
TX311464,CUST1032,PROD124,10,68.92,2024-12-31
TX883949,CUST1195,PROD117,5,411.98,2025-05-26
TX989579,CUST1076,PROD102,2,476.44,2024-12-03
TX255618,CUST1134,PROD104,6,473.39,2024-08-10
TX296346,CUST1063,PROD116,4,261.23,2025-04-02
TX466491,CUST1121,PROD128,2,229.99,2024-11-13
TX876807,CUST1102,PROD139,9,278.0,2025-05-30
TX572526,CUST1122,PROD104,6,473.39,2025-01-20
TX376534,CUST1043,PROD140,6,406.27,2025-02-05
TX527971,CUST1124,PROD147,4,324.92,2024-10-26
TX390677,CUST1130,PROD122,6,481.86,2024-12-15
TX283519,CUST1134,PROD138,7,226.86,2025-03-01
TX687000,CUST1111,PROD125,7,141.83,2025-07-30
TX617067,CUST1161,PROD146,5,205.2,2024-12-22
TX834918,CUST1137,PROD149,3,43.37,2025-01-13
TX338004,CUST1122,PROD149,7,43.37,2024-10-10
TX845494,CUST1131,PROD103,10,276.3,2025-04-19
TX577883,CUST1159,PROD130,5,355.66,2025-03-14
TX140427,CUST1148,PROD109,10,64.35,2025-04-12
TX160166,CUST1106,PROD117,7,411.98,2024-12-24
TX257572,CUST1003,PROD131,7,431.59,2024-09-01
TX976972,CUST1189,PROD136,6,393.17,2025-05-25
TX279542,CUST1175,PROD109,6,64.35,2025-03-27
TX574685,CUST1163,PROD137,10,481.37,2024-11-21
TX677071,CUST1045,PROD137,6,481.37,2025-06-04
TX288397,CUST1119,PROD144,4,156.05,2024-11-02
TX164814,CUST1136,PROD148,4,14.73,2025-05-02
TX429502,CUST1184,PROD111,1,182.79,2024-08-27
TX482604,CUST1039,PROD133,9,305.13,2024-08-30
TX573203,CUST1044,PROD111,4,182.79,2024-11-11
TX306654,CUST1187,PROD102,7,476.44,2024-09-27
TX440324,CUST1017,PROD125,4,141.83,2024-12-24
TX995408,CUST1177,PROD145,5,449.49,2025-05-02
TX414252,CUST1076,PROD126,2,117.79,2025-05-30
TX248300,CUST1112,PROD123,9,249.57,2025-04-02
TX876007,CUST1181,PROD129,8,233.34,2024-09-27
TX886691,CUST1149,PROD115,5,224.77,2025-05-13
TX258284,CUST1143,PROD102,3,476.44,2024-12-28
TX706764,CUST1179,PROD119,9,180.61,2024-11-29
TX430257,CUST1072,PROD117,7,411.98,2024-12-17
TX482995,CUST1059,PROD113,4,15.37,2024-09-09
TX405677,CUST1134,PROD117,3,411.98,2024-09-03
TX195391,CUST1102,PROD122,9,481.86,2024-08-01
TX518064,CUST1105,PROD142,8,318.2,2024-11-26
TX479567,CUST1097,PROD136,6,393.17,2025-01-18
TX930969,CUST1063,PROD115,2,224.77,2024-12-16
TX765603,CUST1062,PROD128,3,229.99,2025-05-21
TX547951,CUST1151,PROD109,6,64.35,2024-11-11
TX810584,CUST1087,PROD142,7,318.2,2024-09-07
TX129295,CUST1181,PROD105,6,324.6,2024-09-19
TX556357,CUST1140,PROD128,10,229.99,2024-09-01
TX231351,CUST1145,PROD141,5,373.7,2024-10-10
TX970396,CUST1022,PROD111,2,182.79,2025-01-13
TX392084,CUST1135,PROD127,9,393.44,2025-01-20
TX733264,CUST1116,PROD130,1,355.66,2025-03-03
TX366899,CUST1188,PROD140,1,406.27,2025-03-02
TX187632,CUST1076,PROD125,5,141.83,2025-02-14
TX496823,CUST1103,PROD132,4,213.9,2025-01-04
TX105323,CUST1109,PROD135,6,131.08,2024-09-08
TX485187,CUST1029,PROD125,5,141.83,2024-08-09
TX906899,CUST1151,PROD117,10,411.98,2024-09-02
TX339056,CUST1080,PROD134,10,90.77,2024-12-14
TX339214,CUST1141,PROD109,9,64.35,2025-03-02
TX711364,CUST1059,PROD108,8,12.12,2024-09-04
TX276032,CUST1143,PROD128,5,229.99,2025-03-18
TX621638,CUST1065,PROD120,8,449.35,2025-03-19
TX775118,CUST1114,PROD114,8,439.94,2025-05-30
TX630256,CUST1055,PROD100,8,123.67,2024-12-02
TX980551,CUST1053,PROD112,7,97.2,2025-06-30
TX908649,CUST1033,PROD126,7,117.79,2024-12-26
TX379246,CUST1028,PROD125,5,141.83,2024-08-03
TX847113,CUST1190,PROD122,10,481.86,2024-11-20
TX947480,CUST1014,PROD117,8,411.98,2025-01-06
TX168804,CUST1045,PROD138,4,226.86,2024-12-27
TX582742,CUST1092,PROD136,2,393.17,2025-05-28
TX393561,CUST1056,PROD102,9,476.44,2024-08-31
TX730448,CUST1140,PROD102,6,476.44,2025-05-07
TX756613,CUST1116,PROD123,3,249.57,2025-07-14
TX271503,CUST1152,PROD116,9,261.23,2025-03-04
TX494539,CUST1067,PROD139,1,278.0,2025-07-16
TX519990,CUST1142,PROD130,4,355.66,2024-11-01
TX646034,CUST1116,PROD104,7,473.39,2025-03-09
TX310551,CUST1048,PROD114,7,439.94,2025-02-17
TX119755,CUST1170,PROD102,10,476.44,2024-10-03
TX126622,CUST1199,PROD123,7,249.57,2025-04-22
TX342928,CUST1179,PROD116,1,261.23,2024-12-24
TX678495,CUST1011,PROD128,4,229.99,2024-10-03
TX258969,CUST1107,PROD144,4,156.05,2024-09-21
TX605260,CUST1093,PROD137,2,481.37,2024-11-11
TX495572,CUST1136,PROD134,4,90.77,2024-11-23
TX387422,CUST1128,PROD101,4,139.45,2024-11-11
TX653984,CUST1147,PROD129,2,233.34,2025-02-06
TX606811,CUST1052,PROD134,10,90.77,2024-09-24
TX722487,CUST1034,PROD114,1,439.94,2024-08-23
TX390122,CUST1128,PROD124,10,68.92,2024-10-02
TX950542,CUST1065,PROD104,9,473.39,2025-01-14
TX701050,CUST1152,PROD147,2,324.92,2024-11-14
TX655007,CUST1171,PROD149,8,43.37,2025-01-09
TX934286,CUST1072,PROD148,2,14.73,2024-11-23
TX404873,CUST1084,PROD141,2,373.7,2025-02-03
TX852180,CUST1172,PROD140,3,406.27,2025-05-29
TX908257,CUST1044,PROD140,1,406.27,2024-08-28
TX844185,CUST1109,PROD140,3,406.27,2024-12-17
TX862015,CUST1131,PROD111,6,182.79,2024-11-04
TX968881,CUST1184,PROD149,2,43.37,2024-11-02
TX235953,CUST1196,PROD140,3,406.27,2025-05-05
TX911794,CUST1044,PROD140,1,406.27,2025-03-29
TX872987,CUST1148,PROD105,9,324.6,2025-02-07
TX854003,CUST1047,PROD107,9,288.46,2025-03-17
TX859921,CUST1004,PROD114,7,439.94,2025-03-26
TX746218,CUST1122,PROD142,6,318.2,2024-10-13
TX923847,CUST1096,PROD128,10,229.99,2025-01-23
TX713732,CUST1090,PROD103,6,276.3,2024-09-09
TX106836,CUST1052,PROD127,7,393.44,2024-09-20
TX134682,CUST1187,PROD131,6,431.59,2024-11-25
TX613324,CUST1077,PROD138,2,226.86,2024-08-01
TX412077,CUST1117,PROD109,2,64.35,2024-12-30
TX205013,CUST1031,PROD149,6,43.37,2024-12-06
TX754416,CUST1073,PROD120,6,449.35,2025-06-21
TX986133,CUST1142,PROD123,3,249.57,2025-03-27
TX545943,CUST1115,PROD123,7,249.57,2024-12-24
TX727582,CUST1178,PROD101,5,139.45,2025-06-07
TX145169,CUST1188,PROD132,2,213.9,2025-06-29
TX539290,CUST1013,PROD142,1,318.2,2024-12-04
TX869557,CUST1007,PROD102,8,476.44,2025-01-16
TX820922,CUST1120,PROD121,10,174.19,2024-12-06
TX281081,CUST1116,PROD138,4,226.86,2025-01-13
TX817697,CUST1182,PROD145,10,449.49,2025-06-11
TX193990,CUST1085,PROD118,6,257.0,2025-06-14
TX812410,CUST1071,PROD125,10,141.83,2025-06-28
TX443641,CUST1129,PROD104,2,473.39,2025-04-08
TX702976,CUST1011,PROD116,10,261.23,2025-03-17
TX159983,CUST1195,PROD106,8,339.6,2024-09-20
TX266656,CUST1072,PROD143,4,35.72,2024-11-23
TX375583,CUST1159,PROD132,5,213.9,2024-12-01
TX882125,CUST1122,PROD109,3,64.35,2025-03-21
TX925930,CUST1064,PROD125,1,141.83,2025-04-26
TX472439,CUST1139,PROD146,4,205.2,2024-10-16
TX437796,CUST1196,PROD137,1,481.37,2025-02-01
TX426978,CUST1063,PROD102,4,476.44,2024-11-29
TX318746,CUST1131,PROD113,2,15.37,2024-10-06
TX524926,CUST1020,PROD114,7,439.94,2024-12-31
TX594960,CUST1153,PROD103,1,276.3,2024-11-30
TX568625,CUST1060,PROD139,8,278.0,2024-11-20
TX752874,CUST1045,PROD128,3,229.99,2025-05-11
TX953878,CUST1072,PROD146,5,205.2,2025-04-25
TX115960,CUST1122,PROD148,9,14.73,2025-04-01
TX140016,CUST1005,PROD119,9,180.61,2025-02-05
TX846496,CUST1073,PROD149,4,43.37,2025-03-10
TX120464,CUST1179,PROD119,6,180.61,2025-05-29
TX258603,CUST1017,PROD147,4,324.92,2024-11-01
TX733909,CUST1007,PROD118,3,257.0,2024-12-03
TX735305,CUST1054,PROD110,4,369.16,2024-12-23
TX461314,CUST1017,PROD105,2,324.6,2024-11-15
TX931150,CUST1190,PROD107,1,288.46,2025-06-12
TX951981,CUST1166,PROD149,4,43.37,2025-05-31
TX381913,CUST1060,PROD134,8,90.77,2024-12-29
TX306761,CUST1017,PROD125,3,141.83,2024-12-18
TX556472,CUST1128,PROD118,7,257.0,2024-09-12
TX160252,CUST1178,PROD119,3,180.61,2025-07-26
TX134027,CUST1048,PROD137,7,481.37,2025-03-05
TX837789,CUST1053,PROD130,7,355.66,2024-10-15
TX166210,CUST1089,PROD143,1,35.72,2025-03-16
TX739297,CUST1143,PROD131,3,431.59,2025-02-26
TX231746,CUST1116,PROD118,4,257.0,2024-10-07
TX627344,CUST1099,PROD119,3,180.61,2025-04-20
TX389065,CUST1116,PROD119,8,180.61,2025-05-24
TX630878,CUST1068,PROD144,5,156.05,2025-02-28
TX457694,CUST1082,PROD131,4,431.59,2024-08-09
TX590904,CUST1072,PROD133,7,305.13,2025-05-08
TX747500,CUST1081,PROD108,2,12.12,2025-01-25
TX371836,CUST1150,PROD105,8,324.6,2025-05-01
TX990838,CUST1035,PROD124,7,68.92,2024-10-19
TX882474,CUST1054,PROD144,4,156.05,2025-01-16
TX650428,CUST1068,PROD123,6,249.57,2025-06-04
TX986024,CUST1015,PROD122,10,481.86,2024-11-20
TX377520,CUST1021,PROD131,2,431.59,2025-06-17
TX265274,CUST1194,PROD139,9,278.0,2025-04-25
TX534351,CUST1177,PROD117,10,411.98,2024-08-25
TX110941,CUST1055,PROD117,8,411.98,2025-06-13
TX989724,CUST1104,PROD145,8,449.49,2025-06-24
TX182764,CUST1044,PROD111,7,182.79,2025-06-04
TX641062,CUST1050,PROD112,3,97.2,2025-06-03
TX339356,CUST1018,PROD121,9,174.19,2025-01-04
TX261092,CUST1184,PROD114,8,439.94,2025-04-17
TX357289,CUST1142,PROD133,10,305.13,2025-02-08
TX498862,CUST1010,PROD144,8,156.05,2024-09-22
TX952086,CUST1060,PROD138,5,226.86,2025-04-01
TX598940,CUST1151,PROD120,7,449.35,2024-11-24
TX132137,CUST1034,PROD146,1,205.2,2024-10-31
TX803104,CUST1034,PROD127,3,393.44,2024-11-05
TX473880,CUST1155,PROD114,5,439.94,2025-04-11
TX149214,CUST1122,PROD148,9,14.73,2024-09-27
TX799518,CUST1089,PROD147,3,324.92,2025-05-03
TX755761,CUST1131,PROD113,9,15.37,2025-01-10
TX902910,CUST1012,PROD102,1,476.44,2025-06-01
TX172508,CUST1125,PROD143,10,35.72,2024-12-23
TX257770,CUST1172,PROD147,1,324.92,2024-08-27
TX205121,CUST1073,PROD128,9,229.99,2025-01-20
TX491302,CUST1071,PROD109,5,64.35,2025-03-19
TX737205,CUST1061,PROD102,3,476.44,2025-02-01
TX821543,CUST1037,PROD131,5,431.59,2025-03-13
TX387343,CUST1181,PROD133,7,305.13,2025-01-01
TX945579,CUST1052,PROD135,9,131.08,2025-02-22
TX378711,CUST1012,PROD141,8,373.7,2025-02-11
TX599364,CUST1163,PROD112,10,97.2,2025-07-23
TX657486,CUST1030,PROD134,8,90.77,2025-07-22
TX721878,CUST1101,PROD101,6,139.45,2025-07-02
TX957792,CUST1000,PROD128,7,229.99,2025-04-24
TX277373,CUST1074,PROD140,10,406.27,2025-01-08
TX723362,CUST1050,PROD131,3,431.59,2025-02-26
TX438373,CUST1133,PROD122,1,481.86,2024-08-13
TX979323,CUST1079,PROD109,1,64.35,2025-06-02
TX237963,CUST1110,PROD146,7,205.2,2024-12-16
TX381555,CUST1123,PROD136,8,393.17,2025-04-28
TX128336,CUST1126,PROD145,5,449.49,2025-07-12
TX757706,CUST1043,PROD112,4,97.2,2025-06-10
TX646329,CUST1142,PROD145,6,449.49,2025-02-23
TX501868,CUST1025,PROD118,1,257.0,2025-03-17
TX126479,CUST1027,PROD142,5,318.2,2025-04-03
TX822601,CUST1110,PROD149,8,43.37,2025-07-20
TX658453,CUST1032,PROD107,3,288.46,2024-09-01
TX120267,CUST1016,PROD104,3,473.39,2024-09-10
TX373763,CUST1045,PROD122,8,481.86,2025-05-24
TX591831,CUST1112,PROD122,2,481.86,2024-11-03
TX434030,CUST1195,PROD128,3,229.99,2025-04-11
TX385289,CUST1093,PROD117,3,411.98,2025-04-14
TX717479,CUST1193,PROD137,6,481.37,2024-12-14
TX643362,CUST1075,PROD109,10,64.35,2024-10-02
TX605090,CUST1047,PROD118,9,257.0,2025-04-07
TX674791,CUST1016,PROD117,2,411.98,2025-03-24
TX827349,CUST1006,PROD143,4,35.72,2024-08-16
TX157791,CUST1100,PROD140,2,406.27,2025-03-05
TX206617,CUST1100,PROD126,4,117.79,2025-04-06
TX233770,CUST1091,PROD122,1,481.86,2025-04-19
TX369054,CUST1012,PROD142,10,318.2,2025-04-07
TX273495,CUST1199,PROD130,1,355.66,2025-01-01
TX112306,CUST1040,PROD109,1,64.35,2025-05-18
TX898199,CUST1028,PROD133,5,305.13,2024-12-05
TX877988,CUST1044,PROD122,6,481.86,2025-06-04
TX153733,CUST1000,PROD111,9,182.79,2025-01-13
TX180173,CUST1016,PROD115,6,224.77,2024-09-09
TX294997,CUST1119,PROD134,8,90.77,2024-08-03
TX306606,CUST1159,PROD116,6,261.23,2024-09-06
TX891676,CUST1193,PROD122,10,481.86,2024-11-07
TX268877,CUST1132,PROD121,2,174.19,2024-10-24
TX952042,CUST1158,PROD115,8,224.77,2025-02-13
TX226265,CUST1187,PROD133,1,305.13,2025-05-16
TX895635,CUST1135,PROD133,10,305.13,2025-02-16
TX867255,CUST1101,PROD137,4,481.37,2025-03-03
TX326441,CUST1045,PROD123,7,249.57,2025-03-12
TX436242,CUST1130,PROD134,5,90.77,2025-04-23
TX126204,CUST1064,PROD125,8,141.83,2025-03-10
TX198970,CUST1147,PROD146,4,205.2,2024-10-23
TX299512,CUST1056,PROD141,10,373.7,2025-01-19
TX192302,CUST1173,PROD118,6,257.0,2024-12-22
TX838885,CUST1065,PROD121,5,174.19,2024-12-28
TX996378,CUST1097,PROD128,8,229.99,2025-01-25
TX743568,CUST1066,PROD135,3,131.08,2025-05-25
TX931329,CUST1002,PROD128,1,229.99,2025-04-19
TX222149,CUST1195,PROD122,1,481.86,2025-03-15
TX588462,CUST1151,PROD140,5,406.27,2025-04-24
TX322694,CUST1114,PROD145,2,449.49,2025-02-09
TX295754,CUST1157,PROD114,9,439.94,2024-09-26
TX762056,CUST1037,PROD137,4,481.37,2024-12-10
TX623223,CUST1038,PROD106,7,339.6,2024-08-08
TX847443,CUST1063,PROD123,8,249.57,2025-02-02
TX217362,CUST1135,PROD149,9,43.37,2024-09-08
TX175496,CUST1032,PROD103,5,276.3,2024-11-21
TX172275,CUST1141,PROD123,10,249.57,2025-01-07
TX237318,CUST1048,PROD104,8,473.39,2025-07-22
TX997103,CUST1012,PROD128,6,229.99,2024-09-01
TX199900,CUST1051,PROD137,8,481.37,2024-09-13
TX122566,CUST1044,PROD137,3,481.37,2025-06-17
TX443835,CUST1142,PROD120,6,449.35,2025-07-30
TX941394,CUST1020,PROD135,10,131.08,2025-05-09
TX763266,CUST1163,PROD116,1,261.23,2024-09-23
TX706940,CUST1004,PROD137,2,481.37,2024-12-12
TX131475,CUST1040,PROD126,8,117.79,2024-11-28
TX374054,CUST1131,PROD117,1,411.98,2024-12-10
TX978134,CUST1018,PROD110,1,369.16,2025-01-22
TX762319,CUST1193,PROD118,10,257.0,2025-05-30
TX449933,CUST1170,PROD104,10,473.39,2024-10-18
TX896160,CUST1072,PROD103,4,276.3,2025-02-17
TX874135,CUST1063,PROD144,10,156.05,2025-02-02
TX143683,CUST1048,PROD141,3,373.7,2024-12-12
TX304444,CUST1160,PROD109,10,64.35,2025-01-30
TX565759,CUST1083,PROD112,2,97.2,2024-09-05
TX264218,CUST1019,PROD141,4,373.7,2025-01-16
TX258649,CUST1083,PROD140,6,406.27,2025-05-06
TX790485,CUST1098,PROD122,10,481.86,2025-04-26
TX333583,CUST1055,PROD127,2,393.44,2025-01-21
TX519645,CUST1156,PROD131,3,431.59,2024-11-30
TX332101,CUST1071,PROD104,7,473.39,2024-08-25
TX840229,CUST1001,PROD125,6,141.83,2024-11-23
TX601793,CUST1032,PROD126,3,117.79,2024-08-16
TX261249,CUST1143,PROD112,6,97.2,2025-06-09
TX541301,CUST1133,PROD103,5,276.3,2025-05-02
TX723444,CUST1061,PROD104,9,473.39,2024-09-12
TX184580,CUST1061,PROD138,6,226.86,2024-08-07
TX505807,CUST1076,PROD147,2,324.92,2025-06-24
TX217812,CUST1184,PROD120,10,449.35,2024-12-10
TX538779,CUST1107,PROD105,10,324.6,2025-04-07
TX261385,CUST1159,PROD141,8,373.7,2024-09-10
TX834451,CUST1104,PROD119,5,180.61,2025-04-18
TX174535,CUST1101,PROD135,9,131.08,2025-06-05
TX887236,CUST1129,PROD104,4,473.39,2024-10-01
TX669791,CUST1158,PROD146,7,205.2,2025-07-26
TX285864,CUST1122,PROD121,3,174.19,2025-05-13
TX782401,CUST1057,PROD147,5,324.92,2024-11-01
TX728556,CUST1018,PROD130,10,355.66,2025-02-15
TX314512,CUST1189,PROD110,10,369.16,2024-10-05
TX984651,CUST1127,PROD128,3,229.99,2025-03-01
TX812474,CUST1072,PROD105,10,324.6,2024-09-30
TX733087,CUST1048,PROD134,10,90.77,2024-12-05
TX395898,CUST1139,PROD138,10,226.86,2025-03-04
TX606433,CUST1096,PROD140,3,406.27,2025-01-11
TX432289,CUST1110,PROD120,1,449.35,2025-01-25
TX242943,CUST1162,PROD108,4,12.12,2024-10-28
TX341433,CUST1078,PROD105,1,324.6,2025-06-04
TX982853,CUST1132,PROD103,6,276.3,2025-01-03
TX276427,CUST1062,PROD100,1,123.67,2025-03-31
TX586891,CUST1150,PROD100,7,123.67,2024-10-09
TX929340,CUST1169,PROD148,6,14.73,2024-10-10
TX769371,CUST1133,PROD144,6,156.05,2025-04-04
TX822093,CUST1118,PROD109,1,64.35,2025-04-11
TX805594,CUST1029,PROD105,4,324.6,2025-01-13
TX145942,CUST1047,PROD101,8,139.45,2024-12-30
TX497156,CUST1072,PROD104,4,473.39,2024-08-10
TX561320,CUST1071,PROD105,6,324.6,2025-05-12
TX429563,CUST1091,PROD132,6,213.9,2025-03-25
TX980818,CUST1075,PROD149,2,43.37,2025-07-07
TX141317,CUST1123,PROD102,6,476.44,2024-10-14
TX357919,CUST1025,PROD127,4,393.44,2025-01-20
TX964153,CUST1092,PROD130,9,355.66,2025-03-16
TX113449,CUST1129,PROD118,8,257.0,2025-01-12
TX342144,CUST1131,PROD135,1,131.08,2024-12-28
TX618720,CUST1061,PROD106,9,339.6,2024-07-31
TX271086,CUST1113,PROD145,4,449.49,2025-04-29
TX481580,CUST1077,PROD135,10,131.08,2024-10-21
TX753375,CUST1109,PROD118,2,257.0,2024-10-17
TX999151,CUST1091,PROD140,6,406.27,2024-11-15
TX922052,CUST1125,PROD118,6,257.0,2025-05-18
TX915734,CUST1177,PROD141,1,373.7,2025-04-29
TX923835,CUST1116,PROD125,2,141.83,2025-06-09
TX291598,CUST1132,PROD142,9,318.2,2025-06-04
TX330438,CUST1060,PROD137,6,481.37,2024-08-23
TX503283,CUST1059,PROD121,5,174.19,2025-03-11
TX234475,CUST1180,PROD134,2,90.77,2024-09-07
TX973247,CUST1110,PROD124,8,68.92,2025-06-05
TX271412,CUST1124,PROD102,1,476.44,2025-07-03
TX484061,CUST1066,PROD132,4,213.9,2025-02-23
TX862223,CUST1131,PROD136,10,393.17,2024-10-10
TX145839,CUST1118,PROD144,9,156.05,2024-12-19
TX414570,CUST1136,PROD145,9,449.49,2024-12-03
TX987657,CUST1137,PROD102,10,476.44,2024-10-14
TX898009,CUST1143,PROD131,4,431.59,2025-01-23
TX876335,CUST1186,PROD139,7,278.0,2024-09-12
TX874640,CUST1081,PROD129,9,233.34,2024-11-08
TX293570,CUST1032,PROD107,6,288.46,2025-04-16
TX892127,CUST1126,PROD129,5,233.34,2025-06-30
TX345270,CUST1020,PROD117,9,411.98,2025-02-05
TX806699,CUST1050,PROD145,4,449.49,2025-02-19
TX178114,CUST1059,PROD111,5,182.79,2025-04-04
TX345589,CUST1114,PROD122,6,481.86,2024-11-28
TX303630,CUST1066,PROD110,8,369.16,2025-03-18
TX384459,CUST1140,PROD140,2,406.27,2024-12-27
TX183636,CUST1139,PROD135,9,131.08,2025-03-24
TX325819,CUST1081,PROD149,10,43.37,2024-12-29
TX737220,CUST1003,PROD126,3,117.79,2025-03-14
TX657599,CUST1176,PROD139,9,278.0,2024-09-12
TX753911,CUST1077,PROD103,8,276.3,2024-12-12
TX459115,CUST1183,PROD147,10,324.92,2024-12-13
TX181578,CUST1050,PROD144,2,156.05,2025-06-23
TX903393,CUST1046,PROD135,10,131.08,2025-01-23
TX530327,CUST1186,PROD146,4,205.2,2025-03-26
TX760709,CUST1131,PROD128,1,229.99,2024-10-05
TX240314,CUST1088,PROD126,6,117.79,2025-06-11
TX489682,CUST1030,PROD124,5,68.92,2025-04-17
TX962702,CUST1123,PROD123,4,249.57,2025-04-30
TX470190,CUST1045,PROD138,9,226.86,2025-06-05
TX374009,CUST1000,PROD124,10,68.92,2024-11-22
TX135345,CUST1006,PROD105,7,324.6,2025-07-21
TX884434,CUST1105,PROD122,5,481.86,2025-03-25
TX564970,CUST1165,PROD134,9,90.77,2025-03-16
TX791710,CUST1039,PROD136,4,393.17,2024-08-31
TX778889,CUST1126,PROD148,10,14.73,2025-04-17
TX801809,CUST1105,PROD145,3,449.49,2024-09-20
TX969654,CUST1026,PROD112,8,97.2,2024-11-28
TX702964,CUST1102,PROD132,9,213.9,2024-09-13
TX358443,CUST1057,PROD144,5,156.05,2024-10-30
TX885441,CUST1026,PROD115,5,224.77,2024-11-25
TX252253,CUST1145,PROD110,8,369.16,2024-09-13
TX745636,CUST1123,PROD140,5,406.27,2024-10-09
TX334576,CUST1069,PROD106,5,339.6,2024-12-21
TX633193,CUST1065,PROD133,1,305.13,2025-04-25
TX950451,CUST1123,PROD149,6,43.37,2024-09-22
TX986354,CUST1032,PROD143,7,35.72,2025-02-13
TX346928,CUST1044,PROD112,10,97.2,2024-12-27
TX247261,CUST1075,PROD136,6,393.17,2025-01-08
TX418170,CUST1169,PROD112,8,97.2,2025-03-18
TX913049,CUST1154,PROD146,6,205.2,2024-09-21
TX314044,CUST1031,PROD114,6,439.94,2025-03-10
TX497538,CUST1034,PROD111,7,182.79,2024-12-26
TX115442,CUST1018,PROD135,8,131.08,2025-01-10
TX265088,CUST1069,PROD105,10,324.6,2024-10-10
TX405268,CUST1071,PROD110,5,369.16,2025-02-04
TX140182,CUST1148,PROD143,3,35.72,2025-04-02
TX898833,CUST1036,PROD132,1,213.9,2025-02-23
TX697336,CUST1079,PROD106,9,339.6,2025-04-25
TX489967,CUST1051,PROD144,10,156.05,2025-07-21
TX216193,CUST1039,PROD120,2,449.35,2025-04-06
TX598245,CUST1144,PROD138,4,226.86,2025-07-26
TX524907,CUST1048,PROD144,3,156.05,2024-10-05
TX547678,CUST1050,PROD129,4,233.34,2025-03-02
TX642432,CUST1098,PROD140,3,406.27,2024-10-02
TX831610,CUST1026,PROD103,10,276.3,2025-02-05
TX895856,CUST1136,PROD135,1,131.08,2024-11-19
TX443355,CUST1054,PROD148,9,14.73,2024-09-22
TX213905,CUST1095,PROD135,3,131.08,2024-10-10
TX795340,CUST1199,PROD103,5,276.3,2024-11-29
TX790379,CUST1136,PROD110,1,369.16,2025-06-21
TX998416,CUST1178,PROD146,8,205.2,2025-01-21
TX960080,CUST1001,PROD128,2,229.99,2025-03-27
TX988035,CUST1175,PROD146,7,205.2,2024-08-19
TX584474,CUST1082,PROD127,6,393.44,2025-07-01
TX689206,CUST1114,PROD116,4,261.23,2024-12-16
TX287463,CUST1189,PROD119,8,180.61,2024-08-02
TX303796,CUST1137,PROD149,8,43.37,2025-02-03
TX453585,CUST1049,PROD142,7,318.2,2024-09-21
TX145635,CUST1031,PROD108,1,12.12,2024-10-13
TX910050,CUST1057,PROD104,7,473.39,2025-06-11
TX756095,CUST1049,PROD123,6,249.57,2024-12-26
TX831404,CUST1011,PROD121,4,174.19,2025-03-05
TX462064,CUST1138,PROD144,9,156.05,2025-02-11
TX534401,CUST1128,PROD124,8,68.92,2025-04-09
TX158800,CUST1005,PROD124,10,68.92,2025-02-07
TX573993,CUST1123,PROD133,7,305.13,2025-01-04
TX464590,CUST1079,PROD139,7,278.0,2025-04-21
TX439553,CUST1196,PROD112,9,97.2,2025-02-05
TX105617,CUST1176,PROD116,3,261.23,2025-01-07
TX636105,CUST1040,PROD128,9,229.99,2025-05-01
TX479575,CUST1088,PROD149,7,43.37,2025-06-21
TX712143,CUST1062,PROD109,6,64.35,2025-01-18
TX564707,CUST1081,PROD136,9,393.17,2025-02-04
TX937023,CUST1041,PROD120,5,449.35,2024-10-02
TX645621,CUST1133,PROD137,8,481.37,2024-08-31
TX406748,CUST1094,PROD120,3,449.35,2025-03-06
TX789241,CUST1180,PROD104,2,473.39,2024-08-10
TX684811,CUST1050,PROD103,2,276.3,2025-06-04
TX313925,CUST1156,PROD140,1,406.27,2025-05-21
TX284280,CUST1073,PROD127,3,393.44,2024-10-23
TX875139,CUST1060,PROD110,2,369.16,2024-11-20
TX649047,CUST1056,PROD132,8,213.9,2024-08-11
TX950865,CUST1111,PROD131,5,431.59,2024-11-13
TX293932,CUST1010,PROD102,3,476.44,2024-10-25
TX326217,CUST1092,PROD129,10,233.34,2025-02-23
TX362728,CUST1157,PROD112,10,97.2,2024-11-19
TX983584,CUST1100,PROD104,8,473.39,2024-10-03
TX515981,CUST1091,PROD117,8,411.98,2025-05-29
TX699774,CUST1153,PROD112,6,97.2,2025-01-23
TX642150,CUST1009,PROD145,9,449.49,2025-03-06
TX156504,CUST1121,PROD134,5,90.77,2025-05-14
TX130774,CUST1160,PROD124,10,68.92,2025-05-26
TX646489,CUST1081,PROD120,2,449.35,2025-05-23
TX625129,CUST1165,PROD123,9,249.57,2025-02-07
TX954714,CUST1170,PROD130,3,355.66,2025-02-28
TX474838,CUST1073,PROD105,8,324.6,2025-02-13
TX385548,CUST1082,PROD103,10,276.3,2024-09-11
TX306403,CUST1103,PROD122,4,481.86,2025-03-09
TX904203,CUST1183,PROD146,4,205.2,2024-09-12
TX549784,CUST1066,PROD101,10,139.45,2024-11-11
TX529048,CUST1120,PROD119,4,180.61,2025-05-27
TX486778,CUST1075,PROD108,9,12.12,2025-02-25
TX994952,CUST1080,PROD104,9,473.39,2025-06-14
TX941675,CUST1163,PROD121,3,174.19,2024-12-19
TX533672,CUST1135,PROD135,8,131.08,2025-02-25
TX302670,CUST1139,PROD141,4,373.7,2025-06-14
TX839117,CUST1076,PROD145,1,449.49,2025-05-19
TX712370,CUST1107,PROD115,4,224.77,2024-08-15
TX628864,CUST1172,PROD147,8,324.92,2025-05-21
TX776489,CUST1192,PROD102,4,476.44,2025-05-05
TX806898,CUST1135,PROD111,3,182.79,2025-01-17
TX695595,CUST1125,PROD114,5,439.94,2025-02-27
TX487588,CUST1041,PROD105,4,324.6,2024-10-22
TX622579,CUST1199,PROD136,10,393.17,2025-01-11
TX137113,CUST1136,PROD137,5,481.37,2024-09-07
TX446980,CUST1049,PROD144,1,156.05,2025-05-11
TX468502,CUST1057,PROD101,10,139.45,2025-06-17
TX766385,CUST1156,PROD140,3,406.27,2025-04-09
TX963200,CUST1144,PROD111,4,182.79,2025-05-17
TX272576,CUST1193,PROD111,6,182.79,2024-11-03
TX867706,CUST1143,PROD136,3,393.17,2024-11-22
TX614437,CUST1114,PROD118,4,257.0,2025-07-04
TX608718,CUST1174,PROD109,2,64.35,2024-08-11
TX952994,CUST1004,PROD131,10,431.59,2025-01-20
TX820486,CUST1198,PROD128,10,229.99,2024-11-09
TX188654,CUST1020,PROD111,10,182.79,2024-12-12
TX862172,CUST1145,PROD134,4,90.77,2025-06-29
TX231075,CUST1082,PROD127,6,393.44,2025-06-12
TX411543,CUST1014,PROD131,3,431.59,2024-09-01
TX635629,CUST1006,PROD118,3,257.0,2025-01-16
TX444863,CUST1155,PROD141,2,373.7,2025-07-01
TX251536,CUST1149,PROD106,4,339.6,2024-09-13
TX596838,CUST1044,PROD144,5,156.05,2025-05-27
TX533106,CUST1147,PROD128,7,229.99,2025-06-10
TX303841,CUST1168,PROD134,7,90.77,2024-10-30
TX394634,CUST1176,PROD128,8,229.99,2024-10-19
TX120097,CUST1134,PROD119,9,180.61,2025-06-09
TX379568,CUST1039,PROD123,9,249.57,2025-05-12
TX262190,CUST1102,PROD135,8,131.08,2025-03-15
TX219674,CUST1007,PROD122,2,481.86,2025-04-23
TX930600,CUST1153,PROD122,5,481.86,2024-12-13
TX783456,CUST1161,PROD114,5,439.94,2025-06-29
TX510775,CUST1115,PROD105,6,324.6,2025-05-02
TX431735,CUST1139,PROD122,3,481.86,2025-03-24
TX281679,CUST1035,PROD110,3,369.16,2025-04-01
TX641938,CUST1158,PROD130,9,355.66,2025-01-12
TX767418,CUST1028,PROD113,10,15.37,2024-10-02
TX293538,CUST1020,PROD141,10,373.7,2025-03-26
TX144032,CUST1002,PROD120,10,449.35,2024-09-22
TX423853,CUST1194,PROD103,10,276.3,2025-05-30
TX697713,CUST1114,PROD126,7,117.79,2024-10-18
TX673498,CUST1153,PROD103,10,276.3,2025-06-10
TX167672,CUST1169,PROD131,9,431.59,2024-10-18
TX704175,CUST1189,PROD114,1,439.94,2025-06-07
TX380554,CUST1029,PROD149,4,43.37,2024-08-22
TX442373,CUST1093,PROD120,5,449.35,2025-03-08
TX662816,CUST1100,PROD142,3,318.2,2024-12-13
TX748307,CUST1080,PROD142,4,318.2,2025-02-21
TX241232,CUST1144,PROD126,5,117.79,2024-11-16
TX188112,CUST1064,PROD120,8,449.35,2025-03-18
TX155263,CUST1179,PROD135,2,131.08,2025-02-24
TX601596,CUST1044,PROD116,1,261.23,2024-10-03
TX942980,CUST1199,PROD118,7,257.0,2024-12-02
TX922056,CUST1190,PROD140,4,406.27,2025-04-29
TX338637,CUST1147,PROD136,6,393.17,2024-11-20
TX922131,CUST1004,PROD127,10,393.44,2024-11-19
TX703698,CUST1129,PROD119,10,180.61,2025-03-09
TX332198,CUST1182,PROD140,4,406.27,2024-11-10
TX229682,CUST1183,PROD145,2,449.49,2025-06-28
TX299095,CUST1006,PROD147,6,324.92,2025-02-14
TX193996,CUST1128,PROD146,8,205.2,2025-07-14
TX129155,CUST1003,PROD119,3,180.61,2025-04-19
TX252084,CUST1161,PROD107,4,288.46,2025-06-11
TX952546,CUST1085,PROD116,9,261.23,2024-09-04
TX511822,CUST1031,PROD145,10,449.49,2024-09-20
TX367672,CUST1147,PROD107,5,288.46,2025-05-17
TX736036,CUST1110,PROD139,5,278.0,2025-05-31
TX522128,CUST1113,PROD116,7,261.23,2025-01-05
TX764563,CUST1195,PROD128,8,229.99,2025-07-21
TX868855,CUST1044,PROD109,9,64.35,2024-08-22
TX178783,CUST1104,PROD101,5,139.45,2024-11-14
TX113531,CUST1143,PROD138,10,226.86,2025-07-01
TX489140,CUST1112,PROD134,9,90.77,2025-04-10
TX472116,CUST1198,PROD105,2,324.6,2024-09-17
TX131762,CUST1061,PROD108,6,12.12,2025-04-28
TX860337,CUST1010,PROD114,10,439.94,2025-07-01
TX320261,CUST1070,PROD112,3,97.2,2024-09-19
TX750316,CUST1031,PROD135,2,131.08,2024-11-03
TX209533,CUST1196,PROD112,10,97.2,2024-09-24
TX531341,CUST1139,PROD107,5,288.46,2025-05-02
TX732940,CUST1149,PROD141,2,373.7,2024-12-02
TX832170,CUST1182,PROD125,8,141.83,2025-06-16
TX796219,CUST1177,PROD117,4,411.98,2024-11-03
TX412847,CUST1096,PROD131,6,431.59,2025-05-21
TX294916,CUST1043,PROD116,3,261.23,2025-06-22
TX899534,CUST1089,PROD147,3,324.92,2025-04-18
TX416449,CUST1105,PROD134,3,90.77,2024-12-29
TX242571,CUST1038,PROD113,9,15.37,2025-02-05
TX907720,CUST1094,PROD116,8,261.23,2024-09-23
TX121950,CUST1080,PROD114,5,439.94,2025-03-11
TX430058,CUST1191,PROD138,5,226.86,2025-04-01
TX995345,CUST1015,PROD118,3,257.0,2024-11-11
TX230316,CUST1163,PROD106,8,339.6,2025-03-30
TX105743,CUST1177,PROD138,8,226.86,2025-01-06
TX780192,CUST1083,PROD127,6,393.44,2024-12-22
TX493643,CUST1065,PROD108,4,12.12,2025-01-21
TX577668,CUST1174,PROD129,8,233.34,2024-08-28
TX494617,CUST1033,PROD137,1,481.37,2025-04-02
TX160390,CUST1155,PROD130,1,355.66,2025-06-03
TX684427,CUST1086,PROD113,2,15.37,2025-07-06
TX895101,CUST1022,PROD125,8,141.83,2025-05-24
TX428908,CUST1189,PROD144,6,156.05,2024-09-04
TX289061,CUST1091,PROD110,10,369.16,2025-01-02
